auc,auc_ci_low,auc_ci_high,brier,threshold_type,threshold,tn,fp,fn,tp
0.5900705371676614,0.4676640672685161,0.7633718185550081,0.029987215418918453,0.5,0.5,580,2,18,1
0.5900705371676614,0.4676640672685161,0.7633718185550081,0.029987215418918453,youden,0.04203191557162535,516,66,10,9
