auc,auc_ci_low,auc_ci_high,brier,threshold,tn,fp,fn,tp
0.5565143824027073,0.43482217129275946,0.7312334876857874,0.02752903509150762,0.006074004878756267,385,206,4,6
