auc,auc_ci_low,auc_ci_high,brier,threshold,tn,fp,fn,tp
0.9984771573604061,0.9950936315752877,1,0.0017385914987747136,0.5718862602293827,590,1,0,10
