auc,auc_ci_low,auc_ci_high,brier,threshold,tn,fp,fn,tp
0.6164128595600676,0.4543831276732573,0.8145645645645645,0.02538491909816076,0.011733331310206374,401,190,3,7
