class,count,proportion
0,2938,0.9786808794137242
1,64,0.021319120586275817
