class,count,proportion
0,2929,0.9760079973342219
1,72,0.023992002665778073
