auc,auc_ci_low,auc_ci_high,brier,threshold_type,threshold,tn,fp,fn,tp
0.6747151383613673,0.44783205748052646,0.8034619306994892,0.029066588147319685,0.5,0.5,582,0,19,0
0.6747151383613673,0.44783205748052646,0.8034619306994892,0.029066588147319685,youden,0.07340446606384371,550,32,13,6
